observation_date,T10Y3M
2006-01-03,0.21
2006-01-04,0.17
2006-01-05,0.16
2006-01-06,0.16
2006-01-09,0.15
2006-01-10,0.14
2006-01-11,0.16
2006-01-12,0.10
2006-01-13,0.03
2006-01-16,
2006-01-17,-0.04
2006-01-18,-0.01
2006-01-19,0.03
2006-01-20,0.02
2006-01-23,-0.02
2006-01-24,0.00
2006-01-25,0.07
2006-01-26,0.08
2006-01-27,0.07
2006-01-30,0.06
2006-01-31,0.06
2006-02-01,0.10
2006-02-02,0.09
2006-02-03,0.06
2006-02-06,0.07
2006-02-07,0.08
2006-02-08,0.06
2006-02-09,0.02
2006-02-10,0.06
2006-02-13,0.03
2006-02-14,0.07
2006-02-15,0.06
2006-02-16,0.04
2006-02-17,0.00
2006-02-20,
2006-02-21,0.01
2006-02-22,-0.04
2006-02-23,-0.03
2006-02-24,-0.02
2006-02-27,-0.03
2006-02-28,-0.07
2006-03-01,-0.01
2006-03-02,0.02
2006-03-03,0.06
2006-03-06,0.14
2006-03-07,0.14
2006-03-08,0.15
2006-03-09,0.14
2006-03-10,0.14
2006-03-13,0.16
2006-03-14,0.12
2006-03-15,0.10
2006-03-16,0.03
2006-03-17,0.04
2006-03-20,0.00
2006-03-21,0.02
2006-03-22,0.01
2006-03-23,0.06
2006-03-24,0.02
2006-03-27,0.07
2006-03-28,0.14
2006-03-29,0.18
2006-03-30,0.25
2006-03-31,0.23
2006-04-03,0.21
2006-04-04,0.19
2006-04-05,0.17
2006-04-06,0.22
2006-04-07,0.28
2006-04-10,0.28
2006-04-11,0.23
2006-04-12,0.28
2006-04-13,0.35
2006-04-14,
2006-04-17,0.29
2006-04-18,0.27
2006-04-19,0.31
2006-04-20,0.31
2006-04-21,0.26
2006-04-24,0.24
2006-04-25,0.28
2006-04-26,0.33
2006-04-27,0.31
2006-04-28,0.30
2006-05-01,0.32
2006-05-02,0.31
2006-05-03,0.33
2006-05-04,0.36
2006-05-05,0.29
2006-05-08,0.25
2006-05-09,0.25
2006-05-10,0.25
2006-05-11,0.32
2006-05-12,0.34
2006-05-15,0.29
2006-05-16,0.27
2006-05-17,0.33
2006-05-18,0.25
2006-05-19,0.23
2006-05-22,0.21
2006-05-23,0.23
2006-05-24,0.21
2006-05-25,0.25
2006-05-26,0.22
2006-05-29,
2006-05-30,0.25
2006-05-31,0.26
2006-06-01,0.28
2006-06-02,0.19
2006-06-05,0.17
2006-06-06,0.15
2006-06-07,0.16
2006-06-08,0.13
2006-06-09,0.10
2006-06-12,0.06
2006-06-13,0.08
2006-06-14,0.15
2006-06-15,0.25
2006-06-16,0.25
2006-06-19,0.21
2006-06-20,0.23
2006-06-21,0.24
2006-06-22,0.28
2006-06-23,0.25
2006-06-26,0.22
2006-06-27,0.16
2006-06-28,0.24
2006-06-29,0.21
2006-06-30,0.14
2006-07-03,0.07
2006-07-04,
2006-07-05,0.22
2006-07-06,0.19
2006-07-07,0.12
2006-07-10,0.07
2006-07-11,0.05
2006-07-12,0.04
2006-07-13,0.03
2006-07-14,0.01
2006-07-17,-0.04
2006-07-18,0.00
2006-07-19,-0.05
2006-07-20,-0.05
2006-07-21,-0.05
2006-07-24,-0.05
2006-07-25,-0.06
2006-07-26,-0.07
2006-07-27,-0.03
2006-07-28,-0.07
2006-07-31,-0.11
2006-08-01,-0.13
2006-08-02,-0.14
2006-08-03,-0.15
2006-08-04,-0.18
2006-08-07,-0.19
2006-08-08,-0.17
2006-08-09,-0.15
2006-08-10,-0.12
2006-08-11,-0.10
2006-08-14,-0.12
2006-08-15,-0.17
2006-08-16,-0.20
2006-08-17,-0.22
2006-08-18,-0.26
2006-08-21,-0.29
2006-08-22,-0.28
2006-08-23,-0.27
2006-08-24,-0.28
2006-08-25,-0.32
2006-08-28,-0.30
2006-08-29,-0.28
2006-08-30,-0.29
2006-08-31,-0.31
2006-09-01,-0.29
2006-09-04,
2006-09-05,-0.22
2006-09-06,-0.17
2006-09-07,-0.17
2006-09-08,-0.15
2006-09-11,-0.13
2006-09-12,-0.12
2006-09-13,-0.14
2006-09-14,-0.16
2006-09-15,-0.16
2006-09-18,-0.13
2006-09-19,-0.20
2006-09-20,-0.20
2006-09-21,-0.27
2006-09-22,-0.33
2006-09-25,-0.32
2006-09-26,-0.29
2006-09-27,-0.28
2006-09-28,-0.24
2006-09-29,-0.25
2006-10-02,-0.26
2006-10-03,-0.28
2006-10-04,-0.36
2006-10-05,-0.33
2006-10-06,-0.25
2006-10-09,
2006-10-10,-0.25
2006-10-11,-0.24
2006-10-12,-0.27
2006-10-13,-0.24
2006-10-16,-0.30
2006-10-17,-0.31
2006-10-18,-0.32
2006-10-19,-0.31
2006-10-20,-0.30
2006-10-23,-0.29
2006-10-24,-0.30
2006-10-25,-0.34
2006-10-26,-0.39
2006-10-27,-0.43
2006-10-30,-0.42
2006-10-31,-0.47
2006-11-01,-0.50
2006-11-02,-0.47
2006-11-03,-0.37
2006-11-06,-0.38
2006-11-07,-0.42
2006-11-08,-0.46
2006-11-09,-0.47
2006-11-10,-0.51
2006-11-13,-0.48
2006-11-14,-0.52
2006-11-15,-0.48
2006-11-16,-0.43
2006-11-17,-0.48
2006-11-20,-0.48
2006-11-21,-0.49
2006-11-22,-0.48
2006-11-23,
2006-11-24,-0.49
2006-11-27,-0.51
2006-11-28,-0.53
2006-11-29,-0.52
2006-11-30,-0.57
2006-12-01,-0.60
2006-12-04,-0.58
2006-12-05,-0.54
2006-12-06,-0.51
2006-12-07,-0.49
2006-12-08,-0.41
2006-12-11,-0.41
2006-12-12,-0.44
2006-12-13,-0.36
2006-12-14,-0.36
2006-12-15,-0.31
2006-12-18,-0.36
2006-12-19,-0.36
2006-12-20,-0.36
2006-12-21,-0.42
2006-12-22,-0.36
2006-12-25,
2006-12-26,-0.38
2006-12-27,-0.31
2006-12-28,-0.30
2006-12-29,-0.31
2007-01-01,
2007-01-02,-0.39
2007-01-03,-0.38
2007-01-04,-0.42
2007-01-05,-0.40
2007-01-08,-0.42
2007-01-09,-0.42
2007-01-10,-0.40
2007-01-11,-0.37
2007-01-12,-0.32
2007-01-15,
2007-01-16,-0.36
2007-01-17,-0.33
2007-01-18,-0.37
2007-01-19,-0.36
2007-01-22,-0.37
2007-01-23,-0.33
2007-01-24,-0.32
2007-01-25,-0.27
2007-01-26,-0.25
2007-01-29,-0.24
2007-01-30,-0.25
2007-01-31,-0.29
2007-02-01,-0.29
2007-02-02,-0.31
2007-02-05,-0.34
2007-02-06,-0.37
2007-02-07,-0.41
2007-02-08,-0.43
2007-02-09,-0.36
2007-02-12,-0.38
2007-02-13,-0.35
2007-02-14,-0.42
2007-02-15,-0.47
2007-02-16,-0.48
2007-02-19,
2007-02-20,-0.51
2007-02-21,-0.49
2007-02-22,-0.46
2007-02-23,-0.50
2007-02-26,-0.56
2007-02-27,-0.64
2007-02-28,-0.60
2007-03-01,-0.59
2007-03-02,-0.60
2007-03-05,-0.59
2007-03-06,-0.61
2007-03-07,-0.62
2007-03-08,-0.59
2007-03-09,-0.51
2007-03-12,-0.53
2007-03-13,-0.59
2007-03-14,-0.53
2007-03-15,-0.51
2007-03-16,-0.49
2007-03-19,-0.48
2007-03-20,-0.50
2007-03-21,-0.52
2007-03-22,-0.46
2007-03-23,-0.46
2007-03-26,-0.46
2007-03-27,-0.46
2007-03-28,-0.44
2007-03-29,-0.41
2007-03-30,-0.39
2007-04-02,-0.39
2007-04-03,-0.38
2007-04-04,-0.41
2007-04-05,-0.36
2007-04-06,-0.29
2007-04-09,-0.27
2007-04-10,-0.30
2007-04-11,-0.30
2007-04-12,-0.29
2007-04-13,-0.26
2007-04-16,-0.27
2007-04-17,-0.32
2007-04-18,-0.34
2007-04-19,-0.31
2007-04-20,-0.31
2007-04-23,-0.32
2007-04-24,-0.35
2007-04-25,-0.31
2007-04-26,-0.27
2007-04-27,-0.24
2007-04-30,-0.28
2007-05-01,-0.26
2007-05-02,-0.26
2007-05-03,-0.22
2007-05-04,-0.25
2007-05-07,-0.25
2007-05-08,-0.27
2007-05-09,-0.21
2007-05-10,-0.22
2007-05-11,-0.20
2007-05-14,-0.16
2007-05-15,-0.12
2007-05-16,-0.04
2007-05-17,-0.05
2007-05-18,-0.03
2007-05-21,-0.09
2007-05-22,-0.10
2007-05-23,-0.05
2007-05-24,-0.05
2007-05-25,-0.02
2007-05-28,
2007-05-29,-0.02
2007-05-30,0.03
2007-05-31,0.17
2007-06-01,0.16
2007-06-04,0.12
2007-06-05,0.15
2007-06-06,0.17
2007-06-07,0.31
2007-06-08,0.35
2007-06-11,0.41
2007-06-12,0.54
2007-06-13,0.54
2007-06-14,0.58
2007-06-15,0.60
2007-06-18,0.52
2007-06-19,0.44
2007-06-20,0.40
2007-06-21,0.46
2007-06-22,0.41
2007-06-25,0.27
2007-06-26,0.28
2007-06-27,0.32
2007-06-28,0.34
2007-06-29,0.21
2007-07-02,0.05
2007-07-03,0.10
2007-07-04,
2007-07-05,0.21
2007-07-06,0.24
2007-07-09,0.19
2007-07-10,0.08
2007-07-11,0.14
2007-07-12,0.16
2007-07-13,0.14
2007-07-16,0.07
2007-07-17,0.12
2007-07-18,0.06
2007-07-19,0.06
2007-07-20,-0.01
2007-07-23,-0.05
2007-07-24,-0.08
2007-07-25,-0.07
2007-07-26,-0.13
2007-07-27,-0.05
2007-07-30,-0.14
2007-07-31,-0.18
2007-08-01,-0.13
2007-08-02,-0.12
2007-08-03,-0.14
2007-08-06,-0.16
2007-08-07,-0.17
2007-08-08,-0.11
2007-08-09,-0.02
2007-08-10,0.24
2007-08-13,0.04
2007-08-14,0.09
2007-08-15,0.48
2007-08-16,0.81
2007-08-17,0.92
2007-08-20,1.52
2007-08-21,1.01
2007-08-22,0.96
2007-08-23,0.73
2007-08-24,0.39
2007-08-27,-0.03
2007-08-28,0.13
2007-08-29,0.59
2007-08-30,0.67
2007-08-31,0.53
2007-09-03,
2007-09-04,0.09
2007-09-05,0.12
2007-09-06,0.22
2007-09-07,0.31
2007-09-10,0.38
2007-09-11,0.26
2007-09-12,0.38
2007-09-13,0.41
2007-09-14,0.46
2007-09-17,0.33
2007-09-18,0.49
2007-09-19,0.60
2007-09-20,0.90
2007-09-21,0.90
2007-09-24,0.79
2007-09-25,0.84
2007-09-26,0.90
2007-09-27,0.87
2007-09-28,0.77
2007-10-01,0.64
2007-10-02,0.58
2007-10-03,0.59
2007-10-04,0.58
2007-10-05,0.65
2007-10-08,
2007-10-09,0.61
2007-10-10,0.59
2007-10-11,0.54
2007-10-12,0.50
2007-10-15,0.39
2007-10-16,0.41
2007-10-17,0.56
2007-10-18,0.76
2007-10-19,0.55
2007-10-22,0.42
2007-10-23,0.43
2007-10-24,0.51
2007-10-25,0.43
2007-10-26,0.45
2007-10-29,0.38
2007-10-30,0.44
2007-10-31,0.54
2007-11-01,0.55
2007-11-02,0.70
2007-11-05,0.64
2007-11-06,0.62
2007-11-07,0.85
2007-11-08,0.90
2007-11-09,0.96
2007-11-12,
2007-11-13,0.76
2007-11-14,0.87
2007-11-15,0.87
2007-11-16,0.75
2007-11-19,0.67
2007-11-20,0.81
2007-11-21,0.91
2007-11-22,
2007-11-23,0.78
2007-11-26,0.70
2007-11-27,0.79
2007-11-28,0.98
2007-11-29,0.95
2007-11-30,0.82
2007-12-03,0.83
2007-12-04,0.82
2007-12-05,0.85
2007-12-06,0.93
2007-12-07,1.00
2007-12-10,1.10
2007-12-11,1.04
2007-12-12,1.17
2007-12-13,1.31
2007-12-14,1.36
2007-12-17,1.13
2007-12-18,1.10
2007-12-19,1.15
2007-12-20,1.12
2007-12-21,1.18
2007-12-24,0.90
2007-12-25,
2007-12-26,0.98
2007-12-27,1.04
2007-12-28,0.93
2007-12-31,0.68
2008-01-01,
2008-01-02,0.65
2008-01-03,0.67
2008-01-04,0.68
2008-01-07,0.59
2008-01-08,0.61
2008-01-09,0.60
2008-01-10,0.67
2008-01-11,0.73
2008-01-14,0.62
2008-01-15,0.55
2008-01-16,0.60
2008-01-17,0.59
2008-01-18,0.80
2008-01-21,
2008-01-22,1.17
2008-01-23,1.30
2008-01-24,1.31
2008-01-25,1.31
2008-01-28,1.27
2008-01-29,1.41
2008-01-30,1.57
2008-01-31,1.71
2008-02-01,1.52
2008-02-04,1.41
2008-02-05,1.42
2008-02-06,1.51
2008-02-07,1.57
2008-02-08,1.41
2008-02-11,1.31
2008-02-12,1.35
2008-02-13,1.42
2008-02-14,1.54
2008-02-15,1.55
2008-02-18,
2008-02-19,1.61
2008-02-20,1.68
2008-02-21,1.57
2008-02-22,1.59
2008-02-25,1.71
2008-02-26,1.74
2008-02-27,1.87
2008-02-28,1.81
2008-02-29,1.68
2008-03-03,1.84
2008-03-04,1.97
2008-03-05,2.17
2008-03-06,2.23
2008-03-07,2.11
2008-03-10,2.11
2008-03-11,2.12
2008-03-12,2.01
2008-03-13,2.21
2008-03-14,2.26
2008-03-17,2.23
2008-03-18,2.56
2008-03-19,2.77
2008-03-20,2.71
2008-03-21,
2008-03-24,2.32
2008-03-25,2.22
2008-03-26,2.22
2008-03-27,2.26
2008-03-28,2.14
2008-03-31,2.07
2008-04-01,2.17
2008-04-02,2.19
2008-04-03,2.21
2008-04-04,2.15
2008-04-07,2.12
2008-04-08,2.17
2008-04-09,2.18
2008-04-10,2.28
2008-04-11,2.30
2008-04-14,2.45
2008-04-15,2.50
2008-04-16,2.60
2008-04-17,2.52
2008-04-18,2.42
2008-04-21,2.41
2008-04-22,2.47
2008-04-23,2.51
2008-04-24,2.61
2008-04-25,2.57
2008-04-28,2.43
2008-04-29,2.39
2008-04-30,2.34
2008-05-01,2.33
2008-05-02,2.39
2008-05-05,2.35
2008-05-06,2.30
2008-05-07,2.20
2008-05-08,2.13
2008-05-09,2.08
2008-05-12,2.01
2008-05-13,2.07
2008-05-14,2.10
2008-05-15,2.00
2008-05-16,2.01
2008-05-19,2.01
2008-05-20,1.92
2008-05-21,1.95
2008-05-22,2.06
2008-05-23,1.99
2008-05-26,
2008-05-27,2.04
2008-05-28,2.14
2008-05-29,2.18
2008-05-30,2.17
2008-06-02,2.13
2008-06-03,2.07
2008-06-04,2.14
2008-06-05,2.21
2008-06-06,2.09
2008-06-09,2.13
2008-06-10,2.09
2008-06-11,2.14
2008-06-12,2.23
2008-06-13,2.28
2008-06-16,2.18
2008-06-17,2.24
2008-06-18,2.23
2008-06-19,2.31
2008-06-20,2.29
2008-06-23,2.32
2008-06-24,2.27
2008-06-25,2.31
2008-06-26,2.33
2008-06-27,2.31
2008-06-30,2.09
2008-07-01,2.14
2008-07-02,2.17
2008-07-03,2.15
2008-07-04,
2008-07-07,2.08
2008-07-08,2.05
2008-07-09,2.03
2008-07-10,2.16
2008-07-11,2.34
2008-07-14,2.38
2008-07-15,2.48
2008-07-16,2.60
2008-07-17,2.64
2008-07-18,2.63
2008-07-21,2.61
2008-07-22,2.59
2008-07-23,2.57
2008-07-24,2.38
2008-07-25,2.38
2008-07-28,2.33
2008-07-29,2.37
2008-07-30,2.37
2008-07-31,2.31
2008-08-01,2.31
2008-08-04,2.23
2008-08-05,2.29
2008-08-06,2.42
2008-08-07,2.26
2008-08-08,2.24
2008-08-11,2.12
2008-08-12,2.05
2008-08-13,2.09
2008-08-14,2.00
2008-08-15,1.99
2008-08-18,2.00
2008-08-19,2.03
2008-08-20,2.08
2008-08-21,2.12
2008-08-22,2.17
2008-08-25,2.05
2008-08-26,2.08
2008-08-27,2.10
2008-08-28,2.05
2008-08-29,2.11
2008-09-01,
2008-09-02,2.02
2008-09-03,2.01
2008-09-04,1.95
2008-09-05,1.98
2008-09-08,1.95
2008-09-09,1.96
2008-09-10,2.00
2008-09-11,2.03
2008-09-12,2.25
2008-09-15,2.45
2008-09-16,2.64
2008-09-17,3.38
2008-09-18,3.31
2008-09-19,2.79
2008-09-22,2.55
2008-09-23,3.05
2008-09-24,3.31
2008-09-25,3.12
2008-09-26,2.98
2008-09-29,2.67
2008-09-30,2.93
2008-10-01,2.92
2008-10-02,3.03
2008-10-03,3.12
2008-10-06,2.94
2008-10-07,2.68
2008-10-08,3.04
2008-10-09,3.24
2008-10-10,3.64
2008-10-13,
2008-10-14,3.74
2008-10-15,3.82
2008-10-16,3.53
2008-10-17,3.15
2008-10-20,2.67
2008-10-21,2.66
2008-10-22,2.60
2008-10-23,2.65
2008-10-24,2.87
2008-10-27,2.95
2008-10-28,3.12
2008-10-29,3.31
2008-10-30,3.59
2008-10-31,3.55
2008-11-03,3.47
2008-11-04,3.33
2008-11-05,3.33
2008-11-06,3.43
2008-11-07,3.52
2008-11-10,3.53
2008-11-11,
2008-11-12,3.57
2008-11-13,3.62
2008-11-14,3.57
2008-11-17,3.56
2008-11-18,3.41
2008-11-19,3.31
2008-11-20,3.07
2008-11-21,3.18
2008-11-24,3.22
2008-11-25,3.01
2008-11-26,2.94
2008-11-27,
2008-11-28,2.92
2008-12-01,2.65
2008-12-02,2.62
2008-12-03,2.65
2008-12-04,2.53
2008-12-05,2.65
2008-12-08,2.74
2008-12-09,2.64
2008-12-10,2.69
2008-12-11,2.63
2008-12-12,2.58
2008-12-15,2.50
2008-12-16,2.33
2008-12-17,2.15
2008-12-18,2.08
2008-12-19,2.11
2008-12-22,2.15
2008-12-23,2.16
2008-12-24,2.20
2008-12-25,
2008-12-26,2.13
2008-12-29,2.07
2008-12-30,2.01
2008-12-31,2.14
2009-01-01,
2009-01-02,2.38
2009-01-05,2.35
2009-01-06,2.37
2009-01-07,2.41
2009-01-08,2.38
2009-01-09,2.36
2009-01-12,2.22
2009-01-13,2.22
2009-01-14,2.12
2009-01-15,2.12
2009-01-16,2.24
2009-01-19,
2009-01-20,2.27
2009-01-21,2.45
2009-01-22,2.52
2009-01-23,2.54
2009-01-26,2.56
2009-01-27,2.46
2009-01-28,2.52
2009-01-29,2.64
2009-01-30,2.63
2009-02-02,2.49
2009-02-03,2.57
2009-02-04,2.65
2009-02-05,2.66
2009-02-06,2.77
2009-02-09,2.75
2009-02-10,2.59
2009-02-11,2.48
2009-02-12,2.46
2009-02-13,2.60
2009-02-16,
2009-02-17,2.32
2009-02-18,2.43
2009-02-19,2.55
2009-02-20,2.51
2009-02-23,2.49
2009-02-24,2.48
2009-02-25,2.65
2009-02-26,2.71
2009-02-27,2.76
2009-03-02,2.63
2009-03-03,2.66
2009-03-04,2.75
2009-03-05,2.63
2009-03-06,2.62
2009-03-09,2.66
2009-03-10,2.75
2009-03-11,2.72
2009-03-12,2.67
2009-03-13,2.69
2009-03-16,2.73
2009-03-17,2.78
2009-03-18,2.30
2009-03-19,2.41
2009-03-20,2.43
2009-03-23,2.46
2009-03-24,2.47
2009-03-25,2.62
2009-03-26,2.61
2009-03-27,2.64
2009-03-30,2.55
2009-03-31,2.50
2009-04-01,2.46
2009-04-02,2.55
2009-04-03,2.70
2009-04-06,2.75
2009-04-07,2.73
2009-04-08,2.68
2009-04-09,2.78
2009-04-10,
2009-04-13,2.70
2009-04-14,2.63
2009-04-15,2.67
2009-04-16,2.73
2009-04-17,2.84
2009-04-20,2.74
2009-04-21,2.79
2009-04-22,2.84
2009-04-23,2.86
2009-04-24,2.93
2009-04-27,2.82
2009-04-28,2.92
2009-04-29,3.01
2009-04-30,3.02
2009-05-01,3.05
2009-05-04,3.00
2009-05-05,3.01
2009-05-06,2.99
2009-05-07,3.11
2009-05-08,3.10
2009-05-11,2.98
2009-05-12,2.98
2009-05-13,2.94
2009-05-14,2.94
2009-05-15,2.97
2009-05-18,3.03
2009-05-19,3.07
2009-05-20,3.01
2009-05-21,3.16
2009-05-22,3.27
2009-05-25,
2009-05-26,3.32
2009-05-27,3.54
2009-05-28,3.52
2009-05-29,3.33
2009-06-01,3.58
2009-06-02,3.51
2009-06-03,3.42
2009-06-04,3.58
2009-06-05,3.64
2009-06-08,3.72
2009-06-09,3.67
2009-06-10,3.80
2009-06-11,3.69
2009-06-12,3.62
2009-06-15,3.59
2009-06-16,3.50
2009-06-17,3.51
2009-06-18,3.68
2009-06-19,3.60
2009-06-22,3.52
2009-06-23,3.45
2009-06-24,3.53
2009-06-25,3.37
2009-06-26,3.32
2009-06-29,3.31
2009-06-30,3.34
2009-07-01,3.38
2009-07-02,3.34
2009-07-03,
2009-07-06,3.33
2009-07-07,3.28
2009-07-08,3.15
2009-07-09,3.25
2009-07-10,3.14
2009-07-13,3.20
2009-07-14,3.32
2009-07-15,3.45
2009-07-16,3.40
2009-07-17,3.50
2009-07-20,3.42
2009-07-21,3.31
2009-07-22,3.39
2009-07-23,3.53
2009-07-24,3.52
2009-07-27,3.56
2009-07-28,3.53
2009-07-29,3.50
2009-07-30,3.49
2009-07-31,3.34
2009-08-03,3.47
2009-08-04,3.52
2009-08-05,3.62
2009-08-06,3.62
2009-08-07,3.70
2009-08-10,3.61
2009-08-11,3.53
2009-08-12,3.55
2009-08-13,3.42
2009-08-14,3.37
2009-08-17,3.30
2009-08-18,3.33
2009-08-19,3.28
2009-08-20,3.25
2009-08-21,3.39
2009-08-24,3.31
2009-08-25,3.28
2009-08-26,3.29
2009-08-27,3.32
2009-08-28,3.31
2009-08-31,3.25
2009-09-01,3.24
2009-09-02,3.15
2009-09-03,3.18
2009-09-04,3.31
2009-09-07,
2009-09-08,3.33
2009-09-09,3.34
2009-09-10,3.22
2009-09-11,3.20
2009-09-14,3.28
2009-09-15,3.34
2009-09-16,3.38
2009-09-17,3.32
2009-09-18,3.41
2009-09-21,3.38
2009-09-22,3.35
2009-09-23,3.33
2009-09-24,3.30
2009-09-25,3.24
2009-09-28,3.20
2009-09-29,3.18
2009-09-30,3.17
2009-10-01,3.11
2009-10-02,3.14
2009-10-05,3.16
2009-10-06,3.19
2009-10-07,3.12
2009-10-08,3.21
2009-10-09,3.33
2009-10-12,
2009-10-13,3.27
2009-10-14,3.38
2009-10-15,3.42
2009-10-16,3.36
2009-10-19,3.33
2009-10-20,3.27
2009-10-21,3.35
2009-10-22,3.38
2009-10-23,3.44
2009-10-26,3.51
2009-10-27,3.41
2009-10-28,3.37
2009-10-29,3.47
2009-10-30,3.36
2009-11-02,3.39
2009-11-03,3.44
2009-11-04,3.52
2009-11-05,3.53
2009-11-06,3.48
2009-11-09,3.45
2009-11-10,3.43
2009-11-11,
2009-11-12,3.38
2009-11-13,3.37
2009-11-16,3.26
2009-11-17,3.27
2009-11-18,3.32
2009-11-19,3.33
2009-11-20,3.34
2009-11-23,3.32
2009-11-24,3.27
2009-11-25,3.23
2009-11-26,
2009-11-27,3.18
2009-11-30,3.15
2009-12-01,3.22
2009-12-02,3.27
2009-12-03,3.33
2009-12-04,3.42
2009-12-07,3.40
2009-12-08,3.37
2009-12-09,3.42
2009-12-10,3.47
2009-12-11,3.52
2009-12-14,3.52
2009-12-15,3.55
2009-12-16,3.57
2009-12-17,3.46
2009-12-18,3.50
2009-12-21,3.61
2009-12-22,3.68
2009-12-23,3.70
2009-12-24,3.77
2009-12-25,
2009-12-28,3.74
2009-12-29,3.72
2009-12-30,3.75
2009-12-31,3.79
2010-01-01,
2010-01-04,3.77
2010-01-05,3.70
2010-01-06,3.79
2010-01-07,3.80
2010-01-08,3.78
2010-01-11,3.81
2010-01-12,3.69
2010-01-13,3.74
2010-01-14,3.71
2010-01-15,3.64
2010-01-18,
2010-01-19,3.67
2010-01-20,3.63
2010-01-21,3.56
2010-01-22,3.56
2010-01-25,3.60
2010-01-26,3.58
2010-01-27,3.58
2010-01-28,3.60
2010-01-29,3.55
2010-02-01,3.58
2010-02-02,3.57
2010-02-03,3.63
2010-02-04,3.53
2010-02-05,3.49
2010-02-08,3.50
2010-02-09,3.55
2010-02-10,3.61
2010-02-11,3.62
2010-02-12,3.59
2010-02-15,
2010-02-16,3.56
2010-02-17,3.64
2010-02-18,3.69
2010-02-19,3.67
2010-02-22,3.69
2010-02-23,3.57
2010-02-24,3.58
2010-02-25,3.51
2010-02-26,3.48
2010-03-01,3.48
2010-03-02,3.48
2010-03-03,3.49
2010-03-04,3.47
2010-03-05,3.54
2010-03-08,3.56
2010-03-09,3.55
2010-03-10,3.58
2010-03-11,3.57
2010-03-12,3.56
2010-03-15,3.54
2010-03-16,3.50
2010-03-17,3.50
2010-03-18,3.52
2010-03-19,3.54
2010-03-22,3.52
2010-03-23,3.55
2010-03-24,3.70
2010-03-25,3.77
2010-03-26,3.72
2010-03-29,3.73
2010-03-30,3.72
2010-03-31,3.68
2010-04-01,3.73
2010-04-02,3.80
2010-04-05,3.83
2010-04-06,3.81
2010-04-07,3.72
2010-04-08,3.74
2010-04-09,3.74
2010-04-12,3.71
2010-04-13,3.68
2010-04-14,3.72
2010-04-15,3.70
2010-04-16,3.63
2010-04-19,3.67
2010-04-20,3.66
2010-04-21,3.62
2010-04-22,3.64
2010-04-23,3.68
2010-04-26,3.67
2010-04-27,3.55
2010-04-28,3.64
2010-04-29,3.59
2010-04-30,3.53
2010-05-03,3.55
2010-05-04,3.47
2010-05-05,3.43
2010-05-06,3.30
2010-05-07,3.32
2010-05-10,3.41
2010-05-11,3.40
2010-05-12,3.40
2010-05-13,3.39
2010-05-14,3.28
2010-05-17,3.31
2010-05-18,3.21
2010-05-19,3.19
2010-05-20,3.08
2010-05-21,3.03
2010-05-24,3.06
2010-05-25,3.01
2010-05-26,3.04
2010-05-27,3.17
2010-05-28,3.15
2010-05-31,
2010-06-01,3.13
2010-06-02,3.19
2010-06-03,3.25
2010-06-04,3.06
2010-06-07,3.05
2010-06-08,3.06
2010-06-09,3.10
2010-06-10,3.23
2010-06-11,3.16
2010-06-14,3.21
2010-06-15,3.23
2010-06-16,3.17
2010-06-17,3.12
2010-06-18,3.13
2010-06-21,3.14
2010-06-22,3.05
2010-06-23,3.00
2010-06-24,3.01
2010-06-25,2.99
2010-06-28,2.88
2010-06-29,2.82
2010-06-30,2.79
2010-07-01,2.79
2010-07-02,2.83
2010-07-05,
2010-07-06,2.78
2010-07-07,2.84
2010-07-08,2.89
2010-07-09,2.91
2010-07-12,2.92
2010-07-13,3.00
2010-07-14,2.92
2010-07-15,2.85
2010-07-16,2.81
2010-07-19,2.82
2010-07-20,2.82
2010-07-21,2.74
2010-07-22,2.80
2010-07-23,2.86
2010-07-26,2.87
2010-07-27,2.93
2010-07-28,2.88
2010-07-29,2.88
2010-07-30,2.79
2010-08-02,2.83
2010-08-03,2.78
2010-08-04,2.82
2010-08-05,2.79
2010-08-06,2.71
2010-08-09,2.71
2010-08-10,2.64
2010-08-11,2.57
2010-08-12,2.58
2010-08-13,2.53
2010-08-16,2.42
2010-08-17,2.47
2010-08-18,2.48
2010-08-19,2.42
2010-08-20,2.47
2010-08-23,2.44
2010-08-24,2.34
2010-08-25,2.38
2010-08-26,2.34
2010-08-27,2.51
2010-08-30,2.40
2010-08-31,2.33
2010-09-01,2.45
2010-09-02,2.49
2010-09-03,2.58
2010-09-06,
2010-09-07,2.47
2010-09-08,2.52
2010-09-09,2.63
2010-09-10,2.67
2010-09-13,2.59
2010-09-14,2.53
2010-09-15,2.59
2010-09-16,2.61
2010-09-17,2.59
2010-09-20,2.55
2010-09-21,2.44
2010-09-22,2.40
2010-09-23,2.40
2010-09-24,2.47
2010-09-27,2.38
2010-09-28,2.32
2010-09-29,2.36
2010-09-30,2.37
2010-10-01,2.38
2010-10-04,2.37
2010-10-05,2.38
2010-10-06,2.28
2010-10-07,2.28
2010-10-08,2.29
2010-10-11,
2010-10-12,2.31
2010-10-13,2.33
2010-10-14,2.38
2010-10-15,2.45
2010-10-18,2.37
2010-10-19,2.36
2010-10-20,2.37
2010-10-21,2.44
2010-10-22,2.46
2010-10-25,2.45
2010-10-26,2.53
2010-10-27,2.61
2010-10-28,2.56
2010-10-29,2.51
2010-11-01,2.53
2010-11-02,2.50
2010-11-03,2.54
2010-11-04,2.40
2010-11-05,2.45
2010-11-08,2.47
2010-11-09,2.59
2010-11-10,2.52
2010-11-11,
2010-11-12,2.63
2010-11-15,2.78
2010-11-16,2.70
2010-11-17,2.75
2010-11-18,2.75
2010-11-19,2.74
2010-11-22,2.65
2010-11-23,2.62
2010-11-24,2.77
2010-11-25,
2010-11-26,2.71
2010-11-29,2.66
2010-11-30,2.64
2010-12-01,2.81
2010-12-02,2.85
2010-12-03,2.89
2010-12-06,2.80
2010-12-07,3.01
2010-12-08,3.11
2010-12-09,3.09
2010-12-10,3.19
2010-12-13,3.14
2010-12-14,3.34
2010-12-15,3.39
2010-12-16,3.34
2010-12-17,3.22
2010-12-20,3.22
2010-12-21,3.21
2010-12-22,3.22
2010-12-23,3.27
2010-12-24,
2010-12-27,3.19
2010-12-28,3.35
2010-12-29,3.22
2010-12-30,3.26
2010-12-31,3.18
2011-01-03,3.21
2011-01-04,3.22
2011-01-05,3.36
2011-01-06,3.29
2011-01-07,3.20
2011-01-10,3.17
2011-01-11,3.22
2011-01-12,3.25
2011-01-13,3.19
2011-01-14,3.20
2011-01-17,
2011-01-18,3.23
2011-01-19,3.21
2011-01-20,3.31
2011-01-21,3.28
2011-01-24,3.27
2011-01-25,3.19
2011-01-26,3.29
2011-01-27,3.27
2011-01-28,3.21
2011-01-31,3.27
2011-02-01,3.33
2011-02-02,3.36
2011-02-03,3.44
2011-02-04,3.53
2011-02-07,3.52
2011-02-08,3.60
2011-02-09,3.51
2011-02-10,3.58
2011-02-11,3.52
2011-02-14,3.49
2011-02-15,3.48
2011-02-16,3.50
2011-02-17,3.49
2011-02-18,3.49
2011-02-21,
2011-02-22,3.34
2011-02-23,3.37
2011-02-24,3.33
2011-02-25,3.29
2011-02-28,3.27
2011-03-01,3.27
2011-03-02,3.33
2011-03-03,3.45
2011-03-04,3.37
2011-03-07,3.40
2011-03-08,3.45
2011-03-09,3.38
2011-03-10,3.29
2011-03-11,3.32
2011-03-14,3.27
2011-03-15,3.23
2011-03-16,3.12
2011-03-17,3.17
2011-03-18,3.21
2011-03-21,3.24
2011-03-22,3.24
2011-03-23,3.27
2011-03-24,3.33
2011-03-25,3.37
2011-03-28,3.36
2011-03-29,3.40
2011-03-30,3.37
2011-03-31,3.38
2011-04-01,3.39
2011-04-04,3.39
2011-04-05,3.43
2011-04-06,3.50
2011-04-07,3.54
2011-04-08,3.55
2011-04-11,3.54
2011-04-12,3.47
2011-04-13,3.43
2011-04-14,3.44
2011-04-15,3.36
2011-04-18,3.33
2011-04-19,3.33
2011-04-20,3.37
2011-04-21,3.36
2011-04-22,
2011-04-25,3.32
2011-04-26,3.27
2011-04-27,3.33
2011-04-28,3.30
2011-04-29,3.28
2011-05-02,3.26
2011-05-03,3.25
2011-05-04,3.22
2011-05-05,3.16
2011-05-06,3.17
2011-05-09,3.14
2011-05-10,3.20
2011-05-11,3.16
2011-05-12,3.20
2011-05-13,3.15
2011-05-16,3.11
2011-05-17,3.08
2011-05-18,3.13
2011-05-19,3.12
2011-05-20,3.10
2011-05-23,3.07
2011-05-24,3.06
2011-05-25,3.07
2011-05-26,3.02
2011-05-27,3.02
2011-05-30,
2011-05-31,2.99
2011-06-01,2.91
2011-06-02,3.00
2011-06-03,2.95
2011-06-06,2.96
2011-06-07,2.96
2011-06-08,2.94
2011-06-09,2.96
2011-06-10,2.94
2011-06-13,2.95
2011-06-14,3.06
2011-06-15,2.93
2011-06-16,2.88
2011-06-17,2.90
2011-06-20,2.94
2011-06-21,2.96
2011-06-22,2.99
2011-06-23,2.92
2011-06-24,2.86
2011-06-27,2.93
2011-06-28,3.02
2011-06-29,3.12
2011-06-30,3.15
2011-07-01,3.20
2011-07-04,
2011-07-05,3.14
2011-07-06,3.11
2011-07-07,3.14
2011-07-08,3.00
2011-07-11,2.91
2011-07-12,2.89
2011-07-13,2.91
2011-07-14,2.97
2011-07-15,2.92
2011-07-18,2.92
2011-07-19,2.88
2011-07-20,2.94
2011-07-21,2.98
2011-07-22,2.94
2011-07-25,2.98
2011-07-26,2.92
2011-07-27,2.93
2011-07-28,2.91
2011-07-29,2.72
2011-08-01,2.67
2011-08-02,2.60
2011-08-03,2.62
2011-08-04,2.45
2011-08-05,2.57
2011-08-08,2.35
2011-08-09,2.17
2011-08-10,2.15
2011-08-11,2.31
2011-08-12,2.22
2011-08-15,2.27
2011-08-16,2.20
2011-08-17,2.16
2011-08-18,2.07
2011-08-19,2.05
2011-08-22,2.09
2011-08-23,2.14
2011-08-24,2.27
2011-08-25,2.22
2011-08-26,2.18
2011-08-29,2.26
2011-08-30,2.18
2011-08-31,2.21
2011-09-01,2.13
2011-09-02,2.00
2011-09-05,
2011-09-06,1.96
2011-09-07,2.03
2011-09-08,1.98
2011-09-09,1.92
2011-09-12,1.93
2011-09-13,1.99
2011-09-14,2.02
2011-09-15,2.08
2011-09-16,2.07
2011-09-19,1.96
2011-09-20,1.94
2011-09-21,1.87
2011-09-22,1.72
2011-09-23,1.83
2011-09-26,1.89
2011-09-27,1.99
2011-09-28,2.01
2011-09-29,1.97
2011-09-30,1.90
2011-10-03,1.78
2011-10-04,1.80
2011-10-05,1.92
2011-10-06,2.00
2011-10-07,2.09
2011-10-10,
2011-10-11,2.16
2011-10-12,2.22
2011-10-13,2.17
2011-10-14,2.24
2011-10-17,2.14
2011-10-18,2.15
2011-10-19,2.15
2011-10-20,2.17
2011-10-21,2.21
2011-10-24,2.23
2011-10-25,2.13
2011-10-26,2.21
2011-10-27,2.40
2011-10-28,2.33
2011-10-31,2.16
2011-11-01,2.00
2011-11-02,2.02
2011-11-03,2.08
2011-11-04,2.05
2011-11-07,2.03
2011-11-08,2.09
2011-11-09,1.99
2011-11-10,2.03
2011-11-11,
2011-11-14,2.03
2011-11-15,2.05
2011-11-16,2.00
2011-11-17,1.94
2011-11-18,2.00
2011-11-21,1.95
2011-11-22,1.92
2011-11-23,1.87
2011-11-24,
2011-11-25,1.95
2011-11-28,1.94
2011-11-29,1.98
2011-11-30,2.07
2011-12-01,2.10
2011-12-02,2.03
2011-12-05,2.03
2011-12-06,2.07
2011-12-07,2.00
2011-12-08,1.98
2011-12-09,2.06
2011-12-12,2.02
2011-12-13,1.95
2011-12-14,1.91
2011-12-15,1.92
2011-12-16,1.86
2011-12-19,1.81
2011-12-20,1.93
2011-12-21,1.97
2011-12-22,1.96
2011-12-23,2.02
2011-12-26,
2011-12-27,2.00
2011-12-28,1.92
2011-12-29,1.89
2011-12-30,1.87
2012-01-02,
2012-01-03,1.95
2012-01-04,1.98
2012-01-05,2.00
2012-01-06,1.96
2012-01-09,1.97
2012-01-10,1.98
2012-01-11,1.91
2012-01-12,1.91
2012-01-13,1.86
2012-01-16,
2012-01-17,1.84
2012-01-18,1.89
2012-01-19,1.96
2012-01-20,2.00
2012-01-23,2.05
2012-01-24,2.04
2012-01-25,1.97
2012-01-26,1.91
2012-01-27,1.87
2012-01-30,1.82
2012-01-31,1.77
2012-02-01,1.81
2012-02-02,1.78
2012-02-03,1.89
2012-02-06,1.85
2012-02-07,1.92
2012-02-08,1.92
2012-02-09,1.95
2012-02-10,1.87
2012-02-13,1.88
2012-02-14,1.80
2012-02-15,1.82
2012-02-16,1.89
2012-02-17,1.92
2012-02-20,
2012-02-21,1.97
2012-02-22,1.92
2012-02-23,1.90
2012-02-24,1.88
2012-02-27,1.80
2012-02-28,1.84
2012-02-29,1.90
2012-03-01,1.95
2012-03-02,1.92
2012-03-05,1.92
2012-03-06,1.88
2012-03-07,1.90
2012-03-08,1.95
2012-03-09,1.95
2012-03-12,1.95
2012-03-13,2.06
2012-03-14,2.20
2012-03-15,2.21
2012-03-16,2.22
2012-03-19,2.29
2012-03-20,2.28
2012-03-21,2.22
2012-03-22,2.21
2012-03-23,2.17
2012-03-26,2.17
2012-03-27,2.11
2012-03-28,2.12
2012-03-29,2.11
2012-03-30,2.16
2012-04-02,2.14
2012-04-03,2.22
2012-04-04,2.17
2012-04-05,2.11
2012-04-06,2.00
2012-04-09,1.97
2012-04-10,1.92
2012-04-11,1.96
2012-04-12,1.99
2012-04-13,1.93
2012-04-16,1.92
2012-04-17,1.95
2012-04-18,1.93
2012-04-19,1.91
2012-04-20,1.91
2012-04-23,1.88
2012-04-24,1.91
2012-04-25,1.92
2012-04-26,1.89
2012-04-27,1.87
2012-04-30,1.85
2012-05-01,1.89
2012-05-02,1.88
2012-05-03,1.87
2012-05-04,1.84
2012-05-07,1.82
2012-05-08,1.79
2012-05-09,1.78
2012-05-10,1.79
2012-05-11,1.74
2012-05-14,1.68
2012-05-15,1.67
2012-05-16,1.66
2012-05-17,1.60
2012-05-18,1.63
2012-05-21,1.66
2012-05-22,1.70
2012-05-23,1.64
2012-05-24,1.67
2012-05-25,1.66
2012-05-28,
2012-05-29,1.65
2012-05-30,1.56
2012-05-31,1.52
2012-06-01,1.40
2012-06-04,1.45
2012-06-05,1.49
2012-06-06,1.57
2012-06-07,1.57
2012-06-08,1.56
2012-06-11,1.51
2012-06-12,1.57
2012-06-13,1.51
2012-06-14,1.53
2012-06-15,1.51
2012-06-18,1.49
2012-06-19,1.55
2012-06-20,1.56
2012-06-21,1.54
2012-06-22,1.60
2012-06-25,1.53
2012-06-26,1.56
2012-06-27,1.56
2012-06-28,1.51
2012-06-29,1.58
2012-07-02,1.51
2012-07-03,1.56
2012-07-04,
2012-07-05,1.54
2012-07-06,1.49
2012-07-09,1.44
2012-07-10,1.44
2012-07-11,1.44
2012-07-12,1.40
2012-07-13,1.42
2012-07-16,1.40
2012-07-17,1.43
2012-07-18,1.43
2012-07-19,1.45
2012-07-20,1.40
2012-07-23,1.37
2012-07-24,1.34
2012-07-25,1.33
2012-07-26,1.34
2012-07-27,1.47
2012-07-30,1.42
2012-07-31,1.40
2012-08-01,1.46
2012-08-02,1.42
2012-08-03,1.51
2012-08-06,1.49
2012-08-07,1.55
2012-08-08,1.57
2012-08-09,1.58
2012-08-10,1.55
2012-08-13,1.54
2012-08-14,1.62
2012-08-15,1.71
2012-08-16,1.74
2012-08-17,1.72
2012-08-20,1.71
2012-08-21,1.69
2012-08-22,1.60
2012-08-23,1.57
2012-08-24,1.58
2012-08-27,1.54
2012-08-28,1.54
2012-08-29,1.54
2012-08-30,1.53
2012-08-31,1.48
2012-09-03,
2012-09-04,1.49
2012-09-05,1.49
2012-09-06,1.57
2012-09-07,1.56
2012-09-10,1.58
2012-09-11,1.60
2012-09-12,1.67
2012-09-13,1.65
2012-09-14,1.77
2012-09-17,1.74
2012-09-18,1.72
2012-09-19,1.68
2012-09-20,1.69
2012-09-21,1.66
2012-09-24,1.63
2012-09-25,1.59
2012-09-26,1.53
2012-09-27,1.57
2012-09-28,1.55
2012-10-01,1.55
2012-10-02,1.55
2012-10-03,1.55
2012-10-04,1.60
2012-10-05,1.64
2012-10-08,
2012-10-09,1.64
2012-10-10,1.62
2012-10-11,1.60
2012-10-12,1.58
2012-10-15,1.59
2012-10-16,1.66
2012-10-17,1.72
2012-10-18,1.76
2012-10-19,1.69
2012-10-22,1.73
2012-10-23,1.68
2012-10-24,1.69
2012-10-25,1.75
2012-10-26,1.66
2012-10-29,1.60
2012-10-30,
2012-10-31,1.61
2012-11-01,1.66
2012-11-02,1.66
2012-11-05,1.61
2012-11-06,1.68
2012-11-07,1.58
2012-11-08,1.52
2012-11-09,1.52
2012-11-12,
2012-11-13,1.48
2012-11-14,1.49
2012-11-15,1.50
2012-11-16,1.52
2012-11-19,1.52
2012-11-20,1.58
2012-11-21,1.59
2012-11-22,
2012-11-23,1.60
2012-11-26,1.56
2012-11-27,1.54
2012-11-28,1.53
2012-11-29,1.53
2012-11-30,1.54
2012-12-03,1.53
2012-12-04,1.52
2012-12-05,1.50
2012-12-06,1.49
2012-12-07,1.55
2012-12-10,1.54
2012-12-11,1.58
2012-12-12,1.65
2012-12-13,1.68
2012-12-14,1.68
2012-12-17,1.73
2012-12-18,1.78
2012-12-19,1.77
2012-12-20,1.75
2012-12-21,1.71
2012-12-24,1.73
2012-12-25,
2012-12-26,1.68
2012-12-27,1.66
2012-12-28,1.72
2012-12-31,1.73
